ID,Title,Quiz / Workout Categories
25969,Master Fundamentals Wall Ball Workout - 10 Minutes,Workout Length>10 Drill Workout|Lacrosse Player Points>10 Lax Credits|Foundation Ace|Wall Ball 10
25972,Master Fundamentals Wall Ball Workout - 17 Minutes,Lacrosse Player Points>17 Lax Credits|Foundation Ace|Workout Length>Long Workout|Wall Ball 17
25974,Dodging Wall Ball Workout - 05 Minutes,Workout Length>5 Drill Workout|Lacrosse Player Points>5 Lax Credits|Dominant Dodger|Wall Ball Drills>Wall - Dodging|Wall Ball 5
25978,Dodging Wall Ball Workout - 10 Minutes,Workout Length>10 Drill Workout|Lacrosse Player Points>10 Lax Credits|Dominant Dodger|Wall Ball Drills>Wall - Dodging|Wall Ball 10
25982,Dodging Wall Ball Workout - 16 Minutes,Lacrosse Player Points>16 Lax Credits|Dominant Dodger|Workout Length>Long Workout|Wall Ball Drills>Wall - Dodging|Wall Ball 16
25985,Conditioning Wall Ball Workout - 05 Minutes,Workout Length>5 Drill Workout|Lacrosse Player Points>5 Lax Credits|Stamina Star|Wall Ball Drills>Wall - Conditioning|Wall Ball 5
25987,Conditioning Wall Ball Workout - 10 Minutes,Workout Length>10 Drill Workout|Lacrosse Player Points>10 Lax Credits|Stamina Star|Wall Ball Drills>Wall - Conditioning|Wall Ball 10
25989,Conditioning Wall Ball Workout - 14 Minutes,Lacrosse Player Points>14 Lax Credits|Workout Length>Long Workout|Stamina Star|Wall Ball Drills>Wall - Conditioning|Wall Ball 14
25991,Faking and Inside Finishing Wall Ball Workout - 15 Minutes,Finishing Phenom|Workout Length>Long Workout|Wall Ball Drills>Wall - Inside Finishing|Wall Ball 15
25993,Faking and Inside Finishing Wall Ball Workout - 10 Minutes,Workout Length>10 Drill Workout|Lacrosse Player Points>10 Lax Credits|Finishing Phenom|Wall Ball Drills>Wall - Inside Finishing|Wall Ball 10
25995,Faking and Inside Finishing Wall Ball Workout - 05 Minutes,Workout Length>5 Drill Workout|Lacrosse Player Points>5 Lax Credits|Finishing Phenom|Wall Ball Drills>Wall - Inside Finishing|Wall Ball 5
25997,Shooting Wall Ball Workout - 05 Minutes,Workout Length>5 Drill Workout|Lacrosse Player Points>5 Lax Credits|Bullet Snatcher|Wall Ball Drills>Wall - Shooting|Wall Ball 5
25999,Shooting Wall Ball Workout - 10 Minutes,Workout Length>10 Drill Workout|Lacrosse Player Points>10 Lax Credits|Bullet Snatcher|Wall Ball Drills>Wall - Shooting|Wall Ball 10
26001,Shooting Wall Ball Workout - 18 Minutes,Lacrosse Player Points>18 Lax Credits|Bullet Snatcher|Workout Length>Long Workout|Wall Ball Drills>Wall - Shooting|Wall Ball 18
26003,Long Pole Skills Wall Ball Workout - 17 Minutes,Lacrosse Player Points>17 Lax Credits|Long Pole Lizard|Workout Length>Long Workout|Wall Ball Drills>Wall - Long Pole|Wall Ball 17
26005,Long Pole Skills Wall Ball Workout - 10 Minutes,Workout Length>10 Drill Workout|Lacrosse Player Points>10 Lax Credits|Long Pole Lizard|Wall Ball Drills>Wall - Long Pole|Wall Ball 10
26007,Long Pole Skills Wall Ball Workout - 05 Minutes,Workout Length>5 Drill Workout|Lacrosse Player Points>5 Lax Credits|Long Pole Lizard|Wall Ball Drills>Wall - Long Pole|Wall Ball 5
26009,Catch Everything Wall Ball Workout - 14 Minutes,Lacrosse Player Points>14 Lax Credits|Workout Length>Long Workout|Wall Ball Drills>Wall - Catch Everything|Wall Ball 14|Wall Ball Hawk
26011,Catch Everything Wall Ball Workout - 10 Minutes,Workout Length>10 Drill Workout|Lacrosse Player Points>10 Lax Credits|Wall Ball Drills>Wall - Catch Everything|Wall Ball 10|Wall Ball Hawk
26013,Catch Everything Wall Ball Workout - 05 Minutes,Workout Length>5 Drill Workout|Lacrosse Player Points>5 Lax Credits|Wall Ball Drills>Wall - Catch Everything|Wall Ball 5|Wall Ball Hawk
26015,Advanced Fun and Challenging Wall Ball Workout - 18 Minutes,Lacrosse Player Points>18 Lax Credits|Fully Fancy Freddy|Workout Length>Long Workout|Wall Ball 18
26018,Advanced Fun and Challenging Wall Ball Workout - 10 Minutes,Workout Length>10 Drill Workout|Lacrosse Player Points>10 Lax Credits|Fully Fancy Freddy|Wall Ball 10
26020,Advanced Fun and Challenging Wall Ball Workout - 05 Minutes,Workout Length>5 Drill Workout|Lacrosse Player Points>5 Lax Credits|Fully Fancy Freddy|Wall Ball 5
26025,Master Fundamentals Wall Ball Routine (No Coaching) - 05 Minutes,Workout Length>5 Drill Workout|Lacrosse Player Points>5 Lax Credits|Foundation Ace|Wall Ball 5
26027,Master Fundamentals Wall Ball Workout (No Coaching) - 10 Minutes,Workout Length>10 Drill Workout|Lacrosse Player Points>10 Lax Credits|Foundation Ace|Wall Ball 10
26029,Master Fundamentals Wall Ball Workout (No Coaching) - 17 Minutes,Lacrosse Player Points>17 Lax Credits|Foundation Ace|Workout Length>Long Workout|Wall Ball 17
26031,Dodging Wall Ball Workout (No Coaching) - 05 Minutes,Workout Length>5 Drill Workout|Lacrosse Player Points>5 Lax Credits|Dominant Dodger|Wall Ball Drills>Wall - Dodging|Wall Ball 5
26036,Dodging Wall Ball Workout (No Coaching) - 10 Minutes,Workout Length>10 Drill Workout|Lacrosse Player Points>10 Lax Credits|Dominant Dodger|Wall Ball Drills>Wall - Dodging|Wall Ball 10
26038,Dodging Wall Ball Workout (No Coaching) - 16 Minutes,Lacrosse Player Points>16 Lax Credits|Dominant Dodger|Workout Length>Long Workout|Wall Ball Drills>Wall - Dodging|Wall Ball 16
26040,Conditioning Wall Ball Workout (No Coaching) - 05 Minutes,Workout Length>5 Drill Workout|Lacrosse Player Points>5 Lax Credits|Stamina Star|Wall Ball Drills>Wall - Conditioning|Wall Ball 5
26045,Conditioning Wall Ball Workout (No Coaching) - 10 Minutes,Workout Length>10 Drill Workout|Lacrosse Player Points>10 Lax Credits|Stamina Star|Wall Ball Drills>Wall - Conditioning|Wall Ball 10
26048,Conditioning Wall Ball Workout (No Coaching) - 14 Minutes,Lacrosse Player Points>14 Lax Credits|Workout Length>Long Workout|Stamina Star|Wall Ball Drills>Wall - Conditioning|Wall Ball 14
26050,Faking and Inside Finishing Wall Ball Workout (No Coaching) - 15 Minutes,Finishing Phenom|Workout Length>Long Workout|Wall Ball Drills>Wall - Inside Finishing|Wall Ball 15
26052,Faking and Inside Finishing Wall Ball Workout (No Coaching) - 10 Minutes,Workout Length>10 Drill Workout|Lacrosse Player Points>10 Lax Credits|Finishing Phenom|Wall Ball Drills>Wall - Inside Finishing|Wall Ball 10
26054,Faking and Inside Finishing Wall Ball Workout (No Coaching) - 05 Minutes,Workout Length>5 Drill Workout|Lacrosse Player Points>5 Lax Credits|Finishing Phenom|Wall Ball Drills>Wall - Inside Finishing|Wall Ball 5
26056,Shooting Wall Ball Workout (No Coaching) - 05 Minutes,Workout Length>5 Drill Workout|Lacrosse Player Points>5 Lax Credits|Bullet Snatcher|Wall Ball Drills>Wall - Shooting|Wall Ball 5
26061,Quiz,
26063,Shooting Wall Ball Workout (No Coaching) - 10 Minutes,Workout Length>10 Drill Workout|Lacrosse Player Points>10 Lax Credits|Bullet Snatcher|Wall Ball Drills>Wall - Shooting|Wall Ball 10
26065,Shooting Wall Ball Workout (No Coaching) - 18 Minutes,Lacrosse Player Points>16 Lax Credits|Bullet Snatcher|Workout Length>Long Workout|Wall Ball Drills>Wall - Shooting|Wall Ball 16
26068,Long Pole Skills Wall Ball Workout (No Coaching) - 17 Minutes,Lacrosse Player Points>17 Lax Credits|Long Pole Lizard|Workout Length>Long Workout|Wall Ball Drills>Wall - Long Pole|Wall Ball 17
26070,Long Pole Skills Wall Ball Workout (No Coaching) - 10 Minutes,Workout Length>10 Drill Workout|Lacrosse Player Points>10 Lax Credits|Long Pole Lizard|Wall Ball Drills>Wall - Long Pole|Wall Ball 10
26072,Long Pole Skills Wall Ball Workout (No Coaching) - 05 Minutes,Workout Length>5 Drill Workout|Lacrosse Player Points>5 Lax Credits|Long Pole Lizard|Wall Ball Drills>Wall - Long Pole|Wall Ball 5
26076,Catch Everything Wall Ball Workout (No Coaching) - 14 Minutes,Lacrosse Player Points>14 Lax Credits|Workout Length>Long Workout|Wall Ball Drills>Wall - Catch Everything|Wall Ball 14|Wall Ball Hawk
26078,Catch Everything Wall Ball Workout (No Coaching) - 10 Minutes,Workout Length>10 Drill Workout|Lacrosse Player Points>10 Lax Credits|Wall Ball Drills>Wall - Catch Everything|Wall Ball 10|Wall Ball Hawk
26080,Catch Everything Wall Ball Workout (No Coaching) - 05 Minutes,Workout Length>5 Drill Workout|Lacrosse Player Points>5 Lax Credits|Wall Ball 5|Wall Ball Hawk|Wall Catch Everything
26082,Advanced Fun and Challenging Wall Ball Workout (No Coaching) - 18 Minutes,Lacrosse Player Points>18 Lax Credits|Fully Fancy Freddy|Workout Length>Long Workout|Wall Ball 18
26084,Advanced Fun and Challenging Wall Ball Workout (No Coaching) - 10 Minutes,Workout Length>10 Drill Workout|Lacrosse Player Points>10 Lax Credits|Fully Fancy Freddy|Wall Ball 10
26086,Advanced Fun and Challenging Wall Ball Workout (No Coaching) - 05 Minutes,Workout Length>5 Drill Workout|Lacrosse Player Points>5 Lax Credits|Fully Fancy Freddy|Wall Ball 5
26407,Establishment of Technique - A1 - 5 Drills,Workout Length>5 Drill Workout|Lacrosse Player Points>5 Lax Credits|Attack Drills>Attack 5
26410,Establishment of Technique - A1 - 10 Drills,Workout Length>10 Drill Workout|Lacrosse Player Points>10 Lax Credits|Attack Drills>Attack 10
26412,Establishment of Technique - A1 - 14 Drills,Workout Length>14 Drill Workout|Lacrosse Player Points>14 Lax Credits|Attack Drills>Attack 14|Workout Length>Long Workout
26697,"Pipe Approaches, Defending at X, Long Passes - D1 - 10 Drills",Workout Length>10 Drill Workout|Lacrosse Player Points>10 Lax Credits|Defensive Drills>Consistent Clear|Defensive Drills>Defense 10
26699,Split Dodge and Shooting on the Run - A2 - 14 Drills,Workout Length>14 Drill Workout|Lacrosse Player Points>14 Lax Credits|Attack Drills>Attack 14|Workout Length>Long Workout|Midfield Drills|Attack Drills>On the Run Rocketeer
26704,Split Dodge and Shooting on the Run - A2 - 10 Drills,Workout Length>10 Drill Workout|Lacrosse Player Points>10 Lax Credits|Attack Drills>Attack 10|Attack Drills>On the Run Rocketeer
26708,Finishing From X - Up the Hash - A3 - 15 Drills,Workout Length>15 Drill Workout|Lacrosse Player Points>15 Lax Credits|Attack Drills>Attack 15|Skill Categories>Island Finishing|Attack Drills>Island Isolator|Workout Length>Long Workout
26710,Split Dodge and Shooting on the Run - A2 - 5 Drills,Workout Length>5 Drill Workout|Lacrosse Player Points>5 Lax Credits|Attack Drills>Attack 5|Attack Drills>On the Run Rocketeer
26717,Finishing From X - Up the Hash - A3 - 10 Drills,Workout Length>10 Drill Workout|Lacrosse Player Points>10 Lax Credits|Attack Drills>Attack 10|Skill Categories>Island Finishing
26719,Attack - Finishing From X - Up the Hash - A3 - 05 Drills,Workout Length>5 Drill Workout|Lacrosse Player Points>5 Lax Credits|Attack Drills>Attack 5|Skill Categories>Island Finishing|Attack Drills>Island Isolator
26723,Catching - Faking - Crease Play - A4 - 17 Drills,Workout Length>17 Drill Workout|Lacrosse Player Points>17 Lax Credits|Attack Drills>Attack 17|Attack Drills>Crease Crawler|Workout Length>Long Workout
26725,Catching - Faking - Crease Play - A4 - 5 Drills,Workout Length>5 Drill Workout|Lacrosse Player Points>5 Lax Credits|Attack Drills>Attack 5|Attack Drills>Crease Crawler
26727,Catching - Faking - Crease Play - A4 - 10 Drills,Workout Length>10 Drill Workout|Lacrosse Player Points>10 Lax Credits|Attack Drills>Attack 10|Attack Drills>Crease Crawler
26733,Running A Fast Break - A5 - 10 Drills,Workout Length>10 Drill Workout|Lacrosse Player Points>10 Lax Credits|Attack Drills>Attack 10|Attack Drills>Fast Break Finisher
26735,Running A Fast Break - Inside Finishing - A5 - 16 Drills,Lacrosse Player Points>16 Lax Credits|Attack Drills>Attack 16|Attack Drills>Fast Break Finisher|Workout Length>Long Workout
26737,Running A Fast Break - A5 - 05 Drills,Workout Length>5 Drill Workout|Lacrosse Player Points>5 Lax Credits|Attack Drills>Attack 5|Attack Drills>Time and Room Terror
26755,Time and Room Shooting &amp; Wind Up Dodging - A6 - 16 Drills,Workout Length>16 Drill Workout|Lacrosse Player Points>16 Lax Credits|Attack Drills>Attack 16|Workout Length>Long Workout|Attack Drills>Time and Room Terror
26757,Time and Room Shooting &amp; Wind Up Dodging - A6 - 10 Drills,Workout Length>10 Drill Workout|Lacrosse Player Points>10 Lax Credits|Attack Drills>Attack 10|Attack Drills>Time and Room Terror
26759,Time and Room Shooting &amp; Wind Up Dodging - A6 - 5 Drills,Workout Length>5 Drill Workout|Lacrosse Player Points>5 Lax Credits|Attack Drills>Attack 5|Attack Drills>Time and Room Terror
26765,Copy of A1 - Base Quiz,Attack Drills|Lacrosse Player Points
26767,Shooting on the Run &amp; Slide Em Dodging - A8 - 14 Drills,Workout Length>14 Drill Workout|Lacrosse Player Points>14 Lax Credits|Attack Drills>Attack 14|Workout Length>Long Workout
26769,Wing and X Hesitation Dodges 4 Cone Footwork - A7 - 15 Drills,Workout Length>15 Drill Workout|Lacrosse Player Points>15 Lax Credits|Attack Drills>Attack 15|Attack Drills>Island Isolator|Workout Length>Long Workout
26771,Wing Hesitation Dodges - A7 - 5 Drills,Workout Length>5 Drill Workout|Lacrosse Player Points>5 Lax Credits|Attack Drills>Ankle Breaker|Attack Drills>Attack 5
26773,Wing and Hash Hesitation Dodges - A7 - 10 Drills,Workout Length>10 Drill Workout|Lacrosse Player Points>10 Lax Credits|Attack Drills>Ankle Breaker|Attack Drills>Attack 10
26786,Shooting on the Run &amp; Slide Em Dodging - A8 - 5 Drills,Workout Length>5 Drill Workout|Lacrosse Player Points>5 Lax Credits|Attack Drills>Attack 5
26788,Shooting on the Run &amp; Slide Em Dodging - A8 - 10 Drills,Workout Length>10 Drill Workout|Lacrosse Player Points>10 Lax Credits|Attack Drills>Attack 10
26795,Inside Finishing - Rocker &amp; Roll Dodge - A9 - 10 Drills,Workout Length>10 Drill Workout|Lacrosse Player Points>10 Lax Credits|Attack Drills>Ankle Breaker|Attack Drills>Attack 10
26797,Roll Dodge - A9 - 5 Drills,Workout Length>5 Drill Workout|Lacrosse Player Points>5 Lax Credits|Attack Drills>Ankle Breaker|Attack Drills>Attack 5
26799,"Inside Finishing - Hesitation, Rocker, Roll Dodge - A9 - 16 Drills",Workout Length>16 Drill Workout|Lacrosse Player Points>16 Lax Credits|Attack Drills>Ankle Breaker|Attack Drills>Attack 16|Workout Length>Long Workout
26807,Time and Room Shooting Out of a Dodge and Release Points - A11 - 10 Drills,Workout Length>10 Drill Workout|Lacrosse Player Points>10 Lax Credits|Attack Drills>Attack 10|Attack Drills>Time and Room Terror
26809,Time and Room Shooting Out of a Dodge and Release Points - A11 - 15 Drills,Workout Length>15 Drill Workout|Lacrosse Player Points>15 Lax Credits|Attack Drills>Attack 15|Workout Length>Long Workout|Attack Drills>Time and Room Terror
26811,Time and Room Shooting Out of a Dodge and Release Points - A11 - 5 Drills,Workout Length>5 Drill Workout|Lacrosse Player Points>5 Lax Credits|Attack Drills>Attack 5|Attack Drills>Time and Room Terror
26819,Ride Angles and Dodging Favorites - A12 - 16 Drills,Workout Length>16 Drill Workout|Lacrosse Player Points>16 Lax Credits|Attack Drills>Attack 16|Workout Length>Long Workout|Attack Drills>Rough Rider
26821,Ride Angles and Dodging Favorites - A12 - 10 Drills,Workout Length>10 Drill Workout|Lacrosse Player Points>10 Lax Credits|Attack Drills>Attack 10|Attack Drills>Rough Rider
26823,Ride Angles and Dodging Favorites - A12 - 5 Drills,Workout Length>5 Drill Workout|Lacrosse Player Points>5 Lax Credits|Attack Drills>Attack 5|Attack Drills>Rough Rider
26830,Ladder Drills and North South Dodging - A10 - 16 Drills,Workout Length>16 Drill Workout|Lacrosse Player Points>16 Lax Credits|Attack Drills>Attack 16|Workout Length>Long Workout
26832,Ladder Drills and North South Dodging - A10 - 5 Drills,Workout Length>5 Drill Workout|Lacrosse Player Points>5 Lax Credits|Ankle Breaker 5|Attack Drills>Attack 5
26834,Ladder Drills and North South Dodging - A10 - 10 Drills,Workout Length>10 Drill Workout|Lacrosse Player Points>10 Lax Credits|Attack Drills>Attack 10
26841,Midfield Foundation of Skills - M1 - 10 Drills,Workout Length>10 Drill Workout|Lacrosse Player Points>10 Lax Credits|Midfield Drills>Midfield 10|Midfield Drills>Modest Midfielder
26843,Midfield Foundation of Skills - M1 - 15 Drills,Lacrosse Player Points>15 Lax Credits|Midfield Drills>Modest Midfielder
26845,Midfield Foundation of Skills - M1 - 05 Drills,Workout Length>5 Drill Workout|Lacrosse Player Points>5 Lax Credits|Midfield Drills>Midfield 5|Midfield Drills>Modest Midfielder
26855,Complete Shooting Progression - M2 - 15 Drills,Lacrosse Player Points>15 Lax Credits|Midfield Drills>Long Range Sharp Shooter|Workout Length>Long Workout|Midfield Drills>Midfield 15
26857,Complete Shooting Progression - M2 - 10 Drills,Workout Length>10 Drill Workout|Lacrosse Player Points>10 Lax Credits|Midfield Drills>Long Range Sharp Shooter|Midfield Drills>Midfield 10
26859,Time and Room Shooting Progression - M2 - 05 Drills,Workout Length>5 Drill Workout|Lacrosse Player Points>5 Lax Credits|Midfield Drills>Long Range Sharp Shooter|Midfield Drills>Midfield 5
26861,"Catching, Faking, and Inside Finishing - M3 - 17 Drills",Lacrosse Player Points>17 Lax Credits|Midfield Drills>Inside Man|Workout Length>Long Workout|Midfield Drills>Midfield 17
26869,Defensive Footwork - Approach Angles And Recovering in - M4 - 15 Drills,Lacrosse Player Points>15 Lax Credits|Midfield Drills>Determined Dmid|Workout Length>Long Workout|Midfield Drills>Midfield 15
26871,"Catching, Faking, and Inside Finishing - M3 - 05 Drills",Workout Length>5 Drill Workout|Lacrosse Player Points>5 Lax Credits|Midfield Drills>Inside Man|Midfield Drills>Midfield 5
26873,"Catching, Faking, and Inside Finishing - M3 - 10 Drills",Workout Length>10 Drill Workout|Lacrosse Player Points>10 Lax Credits|Midfield Drills>Inside Man|Midfield Drills>Midfield 10
26880,Wing Dodging - M5 - 15 Drills,Lacrosse Player Points>15 Lax Credits|Workout Length>Long Workout|Midfield Drills>Midfield 15|Midfield Drills>Wing Warrior
26883,Defensive Footwork - Approach Angles And Recovering in - M4 - 10 Drills,Workout Length>10 Drill Workout|Lacrosse Player Points>10 Lax Credits|Midfield Drills>Determined Dmid|Midfield Drills>Midfield 10
26885,Defensive Footwork - Approach Angles And Recovering in - M4 - 05 Drills,Workout Length>5 Drill Workout|Lacrosse Player Points>5 Lax Credits|Midfield Drills>Determined Dmid|Midfield Drills>Midfield 5
26890,Time and Room Shooting and Wind Up Dodging - M6 - 14 Drills,Lacrosse Player Points>15 Lax Credits|Midfield Drills>Dodging Dynamo|Workout Length>Long Workout|Midfield Drills>Midfield 15
26892,Wing Dodging - M5 - 05 Drills,Workout Length>5 Drill Workout|Lacrosse Player Points>5 Lax Credits|Midfield Drills>Midfield 5|Midfield Drills>Wing Warrior
26894,Wing Dodging - M5 - 10 Drills,Workout Length>10 Drill Workout|Lacrosse Player Points>10 Lax Credits|Midfield Drills>Midfield 10|Midfield Drills>Wing Warrior
26903,Time and Room Shooting and Wind Up Dodging - M6 - 10 Drills,Workout Length>10 Drill Workout|Lacrosse Player Points>10 Lax Credits|Midfield Drills>Dodging Dynamo|Midfield Drills>Midfield 10
26905,Ladder Footwork - Approach Angles - Creative Dodging - M8 - 15 Drills,Lacrosse Player Points>15 Lax Credits|Workout Length>Long Workout|Midfield Drills>Midfield 15|Midfield Drills>Modest Midfielder
26907,Time and Room Shooting and Wind Up Dodging - M6 - 05 Drills,Workout Length>5 Drill Workout|Lacrosse Player Points>5 Lax Credits|Midfield Drills>Dodging Dynamo|Midfield Drills>Midfield 5|Midfield Drills>Two Way Tornado
26915,Midfield - Master Split Dodge and Shoot on the Run - M7 - 05 Drills,Workout Length>5 Drill Workout|Lacrosse Player Points>5 Lax Credits|Midfield Drills>Dodging Dynamo|Midfield Drills>Midfield 5
26917,Master Split Dodge and Shoot on the Run - M7 - 17 Drills,Lacrosse Player Points>17 Lax Credits|Midfield Drills>Dodging Dynamo|Workout Length>Long Workout|Midfield Drills>Midfield 17
26919,Master Split Dodge and Shoot on the Run - M7 - 10 Drills,Workout Length>10 Drill Workout|Lacrosse Player Points>10 Lax Credits|Midfield Drills>Dodging Dynamo|Midfield Drills>Midfield 10
26929,Ladder Footwork - Approach Angles - Creative Dodging - M8 - 05 Drills,Workout Length>5 Drill Workout|Lacrosse Player Points>5 Lax Credits|Midfield Drills>Midfield 5|Midfield Drills>Modest Midfielder
26931,Ladder Footwork - Approach Angles - Creative Dodging - M8 - 10 Drills,Workout Length>10 Drill Workout|Lacrosse Player Points>10 Lax Credits|Midfield Drills>Midfield 10|Midfield Drills>Modest Midfielder
26933,"Inside Finishing, Hesitations and Roll Dodges - M9 - 16 Drills",Lacrosse Player Points>16 Lax Credits|Midfield Drills>Inside Man
26945,"Inside Finishing, Hesitations and Roll Dodges - M9 - 10 Drills",Workout Length>10 Drill Workout|Lacrosse Player Points>10 Lax Credits|Midfield Drills>Inside Man|Midfield Drills>Midfield 10
26947,Inside Finishing - Time and Room Release points - Mastering the Face Dodge - M10 - 15 Drills,Lacrosse Player Points>15 Lax Credits|Midfield Drills>Long Range Sharp Shooter|Workout Length>Long Workout|Midfield Drills>Midfield 10
26949,"Inside Finishing, Hesitations and Roll Dodges - M9 - 05 Drills",Workout Length>5 Drill Workout|Lacrosse Player Points>5 Lax Credits|Midfield Drills>Inside Man|Midfield Drills>Midfield 5
26958,Shooting on the Run and Slide Em Dodging - M11 - 15 Drills,Lacrosse Player Points>15 Lax Credits|Workout Length>Long Workout|Midfield Drills>Midfield 15|Midfield Drills>Wing Warrior
26960,Inside Finishing - Time and Room Release points - Mastering the Face Dodge - M10 - 10 Drills,Workout Length>10 Drill Workout|Lacrosse Player Points>10 Lax Credits|Midfield Drills>Long Range Sharp Shooter|Midfield Drills>Midfield 10
26962,Inside Finishing - Time and Room Release points - Mastering the Face Dodge - M10 - 05 Drills,Workout Length>5 Drill Workout|Lacrosse Player Points>5 Lax Credits|Midfield Drills>Long Range Sharp Shooter|Midfield Drills>Midfield 5
26972,Shooting on the Run and Slide Em Dodging - M11 - 05 Drills,Workout Length>5 Drill Workout|Lacrosse Player Points>5 Lax Credits|Midfield Drills>Midfield 5|Midfield Drills>Wing Warrior
26974,Shooting on the Run and Slide Em Dodging - M11 - 10 Drills,Workout Length>10 Drill Workout|Lacrosse Player Points>10 Lax Credits|Midfield Drills>Midfield 10|Midfield Drills>Wing Warrior
26976,"Defensive Approaches, Recoveries, Fast Break Defense - M12 - 16 Drills",Lacrosse Player Points>16 Lax Credits|Midfield Drills>Determined Dmid|Workout Length>Long Workout|Midfield Drills>Midfield 16
26985,"Defensive Approaches, Recoveries, Fast Break Defense - M12 - 10 Drills",Workout Length>10 Drill Workout|Lacrosse Player Points>10 Lax Credits|Midfield Drills>Determined Dmid|Midfield Drills>Midfield 10
26987,Copy of M1 - Base Quiz,Lacrosse Player Points|Midfield Drills
26989,Fast Break Defense and Rotations - M12 - 05 Drills,Workout Length>5 Drill Workout|Lacrosse Player Points>5 Lax Credits|Midfield Drills>Determined Dmid|Midfield Drills>Midfield 5
27062,"Pipe Approaches, Defending at X, Long Passes - D1 - 16 Drills",Workout Length>16 Drill Workout|Lacrosse Player Points>16 Lax Credits|Defensive Drills>Consistent Clear|Defensive Drills>Defense 16|Workout Length>Long Workout
27068,Copy of Copy of M1 - Base Quiz,Lacrosse Player Points|Midfield Drills
27070,"4 Cone Footwork, Fast Break Defense and Rotations, Time and Room Shooting and Hitches - D2 - 10 Drills",Workout Length>10 Drill Workout|Lacrosse Player Points>10 Lax Credits|Defensive Drills>Defense 10|Defensive Drills>Slide Master
27072,"4 Cone Footwork, Fast Break Defense and Rotations, Time and Room Shooting and Hitches - D2 - 16 Drills",Lacrosse Player Points>15 Lax Credits|Defensive Drills>Defense 15|Workout Length>Long Workout|Defensive Drills>Slide Master
27074,"Defense - Pipe Approaches, Defending at X, Long Passes - D1 - 05 Drills",Workout Length>5 Drill Workout|Lacrosse Player Points>5 Lax Credits|Defensive Drills>Consistent Clear|Defensive Drills>Defense 5
27079,"4 Cone Footwork, Fast Break Defense and Rotations and Hitches - D2 - 05 Drills",Workout Length>5 Drill Workout|Lacrosse Player Points>5 Lax Credits|Defensive Drills>Defense 5|Defensive Drills>Slide Master
27083,"Approach and Recover to Low Positions, Sliding and Recovering, Long Passes, Split Dodge - D3 - 16 Drills",Workout Length>16 Drill Workout|Lacrosse Player Points>16 Lax Credits|Defensive Drills>Defense 16|Defensive Drills>Footwork Fortress|Workout Length>Long Workout
27085,"Approach and Recover to Low Positions, Sliding and Recovering, Long Passes, Split Dodge - D3 - 10 Drills",Workout Length>10 Drill Workout|Lacrosse Player Points>10 Lax Credits|Defensive Drills>Defense 10|Defensive Drills>Footwork Fortress
27090,"Ladder Drill Set 1, Defending at X, Faking - D4 - 10 Drills",Workout Length>10 Drill Workout|Lacrosse Player Points>10 Lax Credits|Defensive Drills>Close Quarters Crusher|Defensive Drills>Defense 10
27092,"Ladder Drill Set 1, Defending at X, Faking - D4 - 14 Drills",Lacrosse Player Points>14 Lax Credits|Defensive Drills>Close Quarters Crusher|Defensive Drills>Defense 14|Workout Length>Long Workout
27094,"Approach and Recover to Low Positions, Sliding and Recovering, Split Dodge - D3 - 05 Drills",Workout Length>5 Drill Workout|Lacrosse Player Points>5 Lax Credits|Defensive Drills>Defense 5|Defensive Drills>Footwork Fortress
27102,"Ladder Drill Set 1, Defending at X, Faking - D4 - 05 Drills",Workout Length>5 Drill Workout|Lacrosse Player Points>5 Lax Credits|Defensive Drills>Close Quarters Crusher|Defensive Drills>Defense 5
27104,"Pipe Approaches Set 2, Fast Break Defense and Rotations, Stick Checks - D5 - 10 Drills",Workout Length>10 Drill Workout|Lacrosse Player Points>10 Lax Credits|Defensive Drills>Defense 10|Defensive Drills>Turnover Titan
27106,"Pipe Approaches Set 2, Fast Break Defense and Rotations, Stick Checks - D5 - 16 Drills",Workout Length>16 Drill Workout|Lacrosse Player Points>16 Lax Credits|Defensive Drills>Defense 16|Workout Length>Long Workout|Defensive Drills>Turnover Titan
27112,"4 Cone Footwork Series 2, Sliding and Recovering, Ground Balls, Shooting on the Run - D6 - 10 Drills",Workout Length>10 Drill Workout|Lacrosse Player Points>10 Lax Credits|Defensive Drills>Defense 10|Defensive Drills>Slide Master
27114,"4 Cone Footwork Series 2, Sliding and Recovering, Ground Balls, Shooting on the Run - D6 - 15 Drills",Lacrosse Player Points>15 Lax Credits|Defensive Drills>Defense 15|Workout Length>Long Workout|Defensive Drills>Slide Master
27116,"Pipe Approaches Set 2, Fast Break Defense and Rotations, Stick Checks - D5 - 05 Drills",Workout Length>5 Drill Workout|Lacrosse Player Points>5 Lax Credits|Defensive Drills>Defense 5|Defensive Drills>Turnover Titan
27123,"Approach and Recover, Sides, Defending at X, Face Dodge - D7 - 10 Drills",Workout Length>10 Drill Workout|Lacrosse Player Points>10 Lax Credits|Defensive Drills>Defense 10|Defensive Drills>Footwork Fortress
27125,"Approach and Recover, Sides, Defending at X, Face Dodge - D7 - 16 Drills",Workout Length>16 Drill Workout|Lacrosse Player Points>16 Lax Credits|Defensive Drills>Defense 16|Defensive Drills>Footwork Fortress|Workout Length>Long Workout
27127,"4 Cone Footwork Series 2, Sliding and Recovering, Ground Balls - D6 - 05 Drills",Workout Length>5 Drill Workout|Lacrosse Player Points>5 Lax Credits|Defensive Drills>Defense 5|Defensive Drills>Slide Master
27143,"Approach and Recover, Sides, Defending at X, Face Dodge - D7 - 05 Drills",Workout Length>5 Drill Workout|Lacrosse Player Points>5 Lax Credits|Defensive Drills>Defense 5|Defensive Drills>Footwork Fortress
27145,"Ladder Drill Set 2, Fast Break Defense and Rotations, Time and Room Shooting / Hitches - D8 - 10 Drills",Workout Length>10 Drill Workout|Lacrosse Player Points>10 Lax Credits|Defensive Drills>Defense 10|Defensive Drills>Pole with Hands
27147,"Ladder Drill Set 2, Fast Break Defense and Rotations, Time and Room Shooting / Hitches - D8 - 15 Drills",Lacrosse Player Points>15 Lax Credits|Defensive Drills>Defense 15|Workout Length>Long Workout|Defensive Drills>Pole with Hands
27153,"Pipe Approaches Group 3, Sliding and Recovering, GB's Long Passes, Split Dodge - D9 - 10 Drills",Workout Length>10 Drill Workout|Lacrosse Player Points>10 Lax Credits|Defensive Drills>Defense 10|Defensive Drills>Hip Hitter
27155,"Pipe Approaches Group 3, Sliding and Recovering, GB's  Long Passes, Split Dodge - D9 - 15 Drills",Lacrosse Player Points>15 Lax Credits|Defensive Drills>Defense 15|Defensive Drills>Hip Hitter|Workout Length>Long Workout
27157,"Ladder Drill Set 2, Fast Break Defense and Rotations, Time and Room Shooting / Hitches - D8 - 05 Drills",Workout Length>5 Drill Workout|Lacrosse Player Points>5 Lax Credits|Defensive Drills>Defense 5|Defensive Drills>Pole with Hands
27163,"4 Cone Footwork Series 3, Defending at X, Faking - D10 - 16 Drills",Workout Length>16 Drill Workout|Lacrosse Player Points>16 Lax Credits|Defensive Drills>Close Quarters Crusher|Defensive Drills>Defense 16|Workout Length>Long Workout
27165,"Pipe Approaches Group 3, Sliding and Recovering, GB's Long Passes, Split Dodge - D9 - 05 Drills",Workout Length>5 Drill Workout|Lacrosse Player Points>5 Lax Credits|Defensive Drills>Defense 5|Defensive Drills>Hip Hitter
27167,"4 Cone Footwork Series 3, Defending at X, Faking - D10 - 10 Drills",Workout Length>10 Drill Workout|Lacrosse Player Points>10 Lax Credits|Defensive Drills>Close Quarters Crusher|Defensive Drills>Defense 10
27175,"Approach and Recover Top, Fast Break Defense and Rotations, GB's and Long Passes - D11 - 05 Drills",Workout Length>5 Drill Workout|Lacrosse Player Points>5 Lax Credits|Defensive Drills>Consistent Clear|Defensive Drills>Defense 5|Online Skills Academy
27177,"4 Cone Footwork Series 3, Defending at X, Faking - D10 - 05 Drills",Workout Length>5 Drill Workout|Lacrosse Player Points>5 Lax Credits|Defensive Drills>Close Quarters Crusher|Defensive Drills>Defense 5|Online Skills Academy
27179,"Approach and Recover Top, Fast Break Defense and Rotations, GB's and Long Passes - D11 - 15 Drills",Lacrosse Player Points>15 Lax Credits|Defensive Drills>Consistent Clear|Defensive Drills>Defense 15|Workout Length>Long Workout|Online Skills Academy
27185,"Approach and Recover Top, Fast Break Defense and Rotations, GB's and Long Passes - D11 - 10 Drills",Workout Length>10 Drill Workout|Lacrosse Player Points>10 Lax Credits|Defensive Drills>Consistent Clear|Defensive Drills>Defense 10|Online Skills Academy
27187,"Ladder Drill Set 3, Sliding and Recovering, Checking, and Shooting on the Run - D12 - 17 Drills",Workout Length>17 Drill Workout|Lacrosse Player Points>17 Lax Credits|Defensive Drills>Defense 17|Workout Length>Long Workout|Online Skills Academy|Defensive Drills>Turnover Titan
27189,"Ladder Drill Set 3, Sliding and Recovering, Checking, and Shooting on the Run - D12 - 10 Drills",Workout Length>10 Drill Workout|Lacrosse Player Points>10 Lax Credits|Defensive Drills>Defense 10|Online Skills Academy|Defensive Drills>Turnover Titan
27199,"Ladder Drill Set 3, Sliding and Recovering, Checking, and Shooting on the Run - D12 - 05 Drills",Workout Length>5 Drill Workout|Lacrosse Player Points>5 Lax Credits|Defensive Drills>Defense 5|Online Skills Academy|Defensive Drills>Turnover Titan
28604,Self-Guided Attack Work Out - 5 Drills/15 Minutes - A13,Flex Points>Flex Points 5|Independent Improver
28606,Self-Guided Attack Work Out - 10 Drills/30 Minutes - A13,Flex Points 10|Independent Improver
28610,Self-Guided Attack Work Out - 15 Drills/45 Minutes - A13,Flex Points>Flex Points 15|Independent Improver
28612,Self-Guided Midfield Work Out - 5 Drills/15 Minutes - M13,Flex Points>Flex Points 5|Independent Improver
28614,Self-Guided Midfield Work Out - 10 Drills/30 Minutes - M13,Flex Points 10|Independent Improver
28616,Self-Guided Midfield Work Out - 15 Drills/45 Minutes - M13,Flex Points>Flex Points 15|Independent Improver
28618,Self-Guided Defense Work Out - 5 Drills/15 Minutes - D13,Flex Points>Flex Points 5|Independent Improver
28620,Self-Guided Defense Work Out - 10 Drills/30 Minutes - D13,Flex Points 10|Independent Improver
28622,Self-Guided Defense Work Out - 15 Drills/45 Minutes - D13,Flex Points>Flex Points 15|Independent Improver
34322,Solid Start - Picking Up and Passing - Mini - 05 Drills,Lacrosse Player Points>5 Lax Credits|Online Skills Academy|Solid Start Workouts>Picking Up and Passing Workout
34324,Solid Start Workout 1 - Picking Up and Passing - More,Lacrosse Player Points>10 Lax Credits|Online Skills Academy|Solid Start Workouts>Picking Up and Passing Workout
34330,Solid Start 2 - Defense and Shooting Workout - Mini,Lacrosse Player Points>5 Lax Credits|Online Skills Academy|Solid Start Workouts>Shooting and Defense Workout
34332,Solid Start 2 - Defense and Shooting Workout - More,Lacrosse Player Points>10 Lax Credits|Online Skills Academy|Solid Start Workouts>Shooting and Defense Workout
34338,Solid Start 3 - Catching and Hesitation Workout - Mini,Lacrosse Player Points>5 Lax Credits|Solid Start Workouts>Catching and Hesitation Workout|Online Skills Academy
34340,Solid Start 3 - Catching and Hesitation Workout - More,Lacrosse Player Points>10 Lax Credits|Solid Start Workouts>Catching and Hesitation Workout|Online Skills Academy
34342,Solid Start 4 - Wind Up Dodging Workout - Mini,Lacrosse Player Points>5 Lax Credits|Online Skills Academy|Solid Start Workouts>Wind Up Dodging Workout
34344,Solid Start 4 - Wind Up Dodging Workout - More,Lacrosse Player Points>10 Lax Credits|Online Skills Academy|Solid Start Workouts>Wind Up Dodging Workout
34346,Solid Start 5 - Switching Hands Workout - Mini,Lacrosse Player Points>5 Lax Credits|Online Skills Academy|Solid Start Workouts>Switching Hands Workout
34348,Solid Start 5 - Switching Hands Workout - More,Lacrosse Player Points>10 Lax Credits|Online Skills Academy|Solid Start Workouts>Switching Hands Workout