Name,Type,Type 2,Category
Crow Hop,Terminology,Skill,Offense - Shooting Footwork
On The Run,Terminology,Skill,Offense - Shooting Footwork
Point Toe,Terminology,Skill,Offense - Shooting Footwork
Pitcher,Terminology,Skill,Offense - Shooting Footwork
Kick,Terminology,Skill,Offense - Shooting Footwork
Jump Shot,Terminology,Skill,Offense - Shooting Footwork
Hard Pump Fake,Terminology,Skill,Shot Fakes
Far Side Fake,Terminology,Skill,Shot Fakes
Goalie Faking,Terminology,Skill,Shot Fakes
Near Side Fake,Terminology,Skill,Shot Fakes
Fake Low,Terminology,Skill,Shot Fakes
Fake High,Terminology,Skill,Shot Fakes
Dip and Dunk,Terminology,Skill,Shot Fakes
Double Fake,Terminology,Skill,Shot Fakes
Wind Up,Terminology,Skill,Shot Fakes
Head and Shoulder Fake,Terminology,Skill,Shot Fakes
Extend Wind Up,Terminology,Skill,Shot Fakes
Look Back Fake,Terminology,Skill,Field Fakes
Field Fake,Terminology,Skill,Field Fakes
Back Hand Pump,Terminology,Skill,Field Fakes
Over The Top Fake,Terminology,Skill,Field Fakes
Cradle Fake,Terminology,Skill,Field Fakes
Communicate,Terminology,Skill,Goalie Responsibilities
Save The Ball,Terminology,Skill,Goalie Responsibilities
See The Field,Terminology,Skill,Goalie Responsibilities
Step and Gather,Terminology,Skill,Goalie Footwork
Arc,Terminology,Skill,Goalie Footwork
Get Set,Terminology,Skill,Goalie Footwork
Get Out Away,Terminology,Skill,Goalie Clearing Skills
Walk It Up,Terminology,Skill,Goalie Clearing Skills
All Passes,Terminology,Skill,Goalie Clearing Skills
Establish Behind,Terminology,Skill,Goalie Clearing Skills
Cross Check,Terminology,Skill,Defense - On Ball - Holds
V Hold,Terminology,Skill,Defense - On Ball - Holds
Cutter,Terminology,Skill,Defense - Off Ball Communication
Check,Terminology,Skill,Defense - Off Ball Communication
2 / Iâ€™m In / You Can Go,Terminology,Skill,Defense - Off Ball Communication
Hot / I Go,Terminology,Skill,Defense - Off Ball Communication
Right ,Terminology,Skill,Defense - Off Ball Communication
Left,Terminology,Skill,Defense - Off Ball Communication
Shedding,Terminology,Skill,Defense - Off Ball Slide Anticipation and Awareness
Ball Side Leverage,Terminology,Skill,Defense - Off Ball Slide Anticipation and Awareness
Spider In,Terminology,Skill,Defense - Off Ball Slide Anticipation and Awareness
Head on a Swivel,Terminology,Skill,Defense - Off Ball Slide Anticipation and Awareness
Sideways,Terminology,Skill,Defense - Off Ball Slide Anticipation and Awareness
Pistols,Terminology,Skill,Defense - Off Ball Slide Anticipation and Awareness
Never Slide Up Field,Terminology,Skill,Defense - Off Ball Slide Anticipation and Awareness
Stay Home ,Terminology,Skill,Defense - Off Ball Slide Anticipation and Awareness
Slow Play ,Terminology,Skill,Defense - Off Ball Slide Anticipation and Awareness
Teeter Totter,Terminology,Skill,Offensive - Deceptive Shots
Leaner,Terminology,Skill,Offensive - Deceptive Shots
Twister,Terminology,Skill,Offensive - Deceptive Shots
Reverse Leaner,Terminology,Skill,Offensive - Deceptive Shots
Fade Away,Terminology,Skill,Offensive - Deceptive Shots
Behind The Back,Terminology,Skill,Offensive - Passing - Advanced and Flashy
Around The World,Terminology,Skill,Offensive - Passing - Advanced and Flashy
No Look,Terminology,Skill,Offensive - Passing - Advanced and Flashy
Step Back Throw Back,Terminology,Skill,Offensive - Passing - Integrated with a dodge
Reverse Sidewinder,Terminology,Skill,Offensive - Passing - Integrated with a dodge
Collar Bone,Terminology,Skill,Offensive - Passing - Basic
Flip,Terminology,Skill,Offensive - Passing - Basic
Lever Pass,Terminology,Skill,Offensive - Passing - Basic
Shovel Pass,Terminology,Skill,Offensive - Passing - Basic
Catch and Fire,Terminology,Skill,Offensive - Passing - Basic
Quick Stick,Terminology,Skill,Offensive - Passing - Basic
Time and Room,Terminology,Skill,Offense - Shooting - Shot Types
On The Run,Terminology,Skill,Offense - Shooting - Shot Types
Jump Shot,Terminology,Skill,Offense - Shooting - Shot Types
In Tight,Terminology,Skill,Offense - Shooting - Shot Types
Step Down,Terminology,Skill,Offense - Shooting - Shot Types
Overhand,Terminology,Skill,Offense - Shooting - Release Points
Side Arm,Terminology,Skill,Offense - Shooting - Release Points
Underhand,Terminology,Skill,Offense - Shooting - Release Points
Sidewinder,Terminology,Skill,Offense - Dodging - to Survey
Step Back,Terminology,Skill,Offense - Dodging - to Survey
One Hand,Terminology,Skill,Offense - Dodging - Carrying and Stick Protection
2 Hands,Terminology,Skill,Offense - Dodging - Carrying and Stick Protection
One Hand Away,Terminology,Skill,Offense - Dodging - Carrying and Stick Protection
Back Hand Carry,Terminology,Skill,Offense - Dodging - Carrying and Stick Protection
Turn Away,Terminology,Skill,Offense - Dodging - To get hands free - Throw Back
Question MArk,Terminology,Skill,Offense - Dodging - To get hands free - Throw Back
Wide Turn Away,Terminology,Skill,Offense - Dodging - To get hands free - Throw Back
Jab Step,Terminology,Skill,Offense - Dodging - To get hands free - Throw Forward
Belly Out,Terminology,Skill,Offense - Dodging - To get hands free - Throw Forward
Look Back Fake,Terminology,Skill,Offense - Dodging - East West to Gain Advantage
Explode,Terminology,Skill,Offense - Dodging - East West to Gain Advantage
Rocker,Terminology,Skill,Offense - Dodging - East West to Gain Advantage
Roll Dodge ,Terminology,Skill,Offense - Dodging - East West to Gain Advantage
Hitch Front and Back,Terminology,Skill,Offense - Dodging - East West to Gain Advantage
Z-Dodge,Terminology,Skill,Offense - Dodging - East West to Gain Advantage
3 Steps,Terminology,Skill,Offense - Dodging - East West to Gain Advantage
Finalizer,Terminology,Skill,Offense - Dodging - East West to Gain Advantage
Under Swim,Terminology,Skill,Offense - Dodging - East West to Gain Advantage
Turn The Corner,Terminology,Skill,Offense - Dodging - North South to keep advantage
Close Out,Terminology,Skill,Offense - Dodging - North South to keep advantage
S Dodge,Terminology,Skill,Offense - Dodging - North South to keep advantage
Wind Up,Terminology,Skill,Offense - Dodging - North South to Set Up
Top Foot,Terminology,Skill,Offense - Dodging - North South to Set Up
Drag,Terminology,Skill,Offense - Dodging - North South to Set Up
Slide Dodge,Terminology,Skill,Offense - Dodging - North South to Set Up
Face Dodge,Terminology,Skill,Offense - Dodging - North South to Gain Advantage
Same Side Split,Terminology,Skill,Offense - Dodging - North South to Gain Advantage
Spin Move,Terminology,Skill,Offense - Dodging - North South to Gain Advantage
Split Dodge,Terminology,Skill,Offense - Dodging - North South to Gain Advantage
Swim,Terminology,Skill,Offense - Dodging - North South to Gain Advantage
Toe Drag,Terminology,Skill,Offense - Dodging - North South to Gain Advantage
Bull Dodge,Terminology,Skill,Offense - Dodging - North South to Gain Advantage
One Hand,Terminology,Skill,Ground Balls - Advanced Technique
Rake,Terminology,Skill,Ground Balls - Advanced Technique
Up and Down,Terminology,Skill,Ground Balls - Advanced Technique
Goose,Terminology,Skill,Ground Balls - Approaching a GB
Box Out,Terminology,Skill,Ground Balls - Approaching a GB
Man Ball,Terminology,Skill,Ground Balls - Approaching a GB
2 Hands,Terminology,Skill,Ground Balls - Traditional Form and Technique
Kiss The Stick,Terminology,Skill,Ground Balls - Traditional Form and Technique
Scoop Through,Terminology,Skill,Ground Balls - Traditional Form and Technique
Stick and Hip Protection,Terminology,Skill,Ground Balls - Traditional Form and Technique
Two Buts Down,Terminology,Skill,Ground Balls - Traditional Form and Technique
Wide Turn,Terminology,Skill,Ground Balls - Traditional Form and Technique
Get in the Mirror,Terminology,Skill,Ground Balls - Traditional Form and Technique
See The Ball,Terminology,Skill,Goalie - Making Saves
React to the Ball,Terminology,Skill,Goalie - Making Saves
Save The Ball,Terminology,Skill,Goalie - Making Saves
Control Rebounds,Terminology,Skill,Goalie - Making Saves
Match Stick,Terminology,Skill,Goalie - Making Saves
Small Cradle,Terminology,Skill,Goalie - Making Saves
Axe and Rake,Terminology,Skill,Goalie - Making Saves
Chase,Terminology,Skill,Goalie - Making Saves
First Step,Terminology,Skill,Face Offs - Wing Play
Elbows and Ankles,Terminology,Skill,Face Offs - Wing Play
Boxing Out,Terminology,Skill,Face Offs - Wing Play
Cut Off,Terminology,Skill,Face Offs - Wing Play
Drop in,Terminology,Skill,Face Offs - Wing Play
Pop / Forward,Terminology,Skill,Face Offs - Pulls
Defensive / Away from other FO Man,Terminology,Skill,Face Offs - Pulls
To Self,Terminology,Skill,Face Offs - Pulls
To Wings,Terminology,Skill,Face Offs - Pulls
Plunger / Pinch,Terminology,Skill,Face Offs - Moves
Jam / Jump,Terminology,Skill,Face Offs - Moves
Knife / Lazer,Terminology,Skill,Face Offs - Moves
Power Clamp,Terminology,Skill,Face Offs - Moves
Glue,Terminology,Skill,Defense - On Ball - Checks
Wrap Check,Terminology,Skill,Defense - On Ball - Checks
Can Opener,Terminology,Skill,Defense - On Ball - Checks
Ding Dong,Terminology,Skill,Defense - On Ball - Checks
Stick in Front,Terminology,Skill,Defense - On Ball - Checks
Rusty Gate,Terminology,Skill,Defense - On Ball - Checks
1 Hand Wrap,Terminology,Skill,Defense - On Ball - Checks
2 Hand Wrap,Terminology,Skill,Defense - On Ball - Checks
Long John,Terminology,Skill,Defense - On Ball - Checks
2 Feet,Terminology,Skill,Face Off - Stance
Knee Down,Terminology,Skill,Face Off - Stance